id,status,desc,date,depts,docs,poc,msgs
RT-1,CLOSED,"I need a copy of the resolution declaring February 23, 2013 Open Data Day in the City of Oakland.","June 12, 2013 via web",City Clerk,"title,link
http://oakland.legistar.com/LegislationDetail.aspx?ID=1283701&GUID=32C352ED-A6F4-4933-AA84-0CD724...,https://oaklandca.nextrequest.com/documents/477572
",Nai Hang Phan,"title,item,time
"
RT-2,CLOSED,"The 410's and 460's for Sean Sullivan's 2008 campaign for Oakland City Council, District 3","June 12, 2013 via web",None Assigned,,Staff,"title,item,time
"
RT-3,CLOSED,"Please provide copies of the City Council Resolutions for the fiscal years of 2010-2011 and 2011-2012, Fixing the Rate of Property Tax for Voter Approved Indebtedness and making request of the County for collection. See Resolution No. 82255 for sample (2009-2010).","June 12, 2013 via web",City Clerk,"title,link
82960_CMS.pdf,https://oaklandca.nextrequest.com/documents/477577
83525_CMS.pdf,https://oaklandca.nextrequest.com/documents/477576
",Nai Hang Phan,"title,item,time
"
RT-4,CLOSED,"Inspect or obtain copies of public records that show all Comcast contact information for Oakland. All addresses, all fax, and all email numbers","June 19, 2013 via web",City Attorney,"title,link
Rosenberg_-_Request_4.pdf,https://oaklandca.nextrequest.com/documents/477574
",Arlette Flores-Medina,"title,item,time
"
RT-5,CLOSED,"Why was this made? I like the old site. I could pick from several different departments. Either way, I would like to see the new hires for the City of Oakland this last year from today back to June 2012.","June 19, 2013 via web",City Attorney,"title,link
new_hire-Since-01-JUN-2012.xls,https://oaklandca.nextrequest.com/documents/477575
new_hire-Since-01-JUN-2012.xls,https://oaklandca.nextrequest.com/documents/477582
new_hire-Since-01-JUN-2012.xls,https://oaklandca.nextrequest.com/documents/477584
new_hire-Since-01-JUN-2012.xls,https://oaklandca.nextrequest.com/documents/477583
",Arlette Flores-Medina,"title,item,time
"
